record_type,stage,block,arm,run,wal_mode,snapshot,official_status,eligible,errors,coverage_errors,warnings,qps,p99_ms,p999_ms,max_ms,elapsed_seconds,before.keys,before.data_capacity_bytes,before.data_bytes,before.data_rejections_total,before.applied_sequence,before.durable_sequence,before.wal_pending_bytes,after.keys,after.data_capacity_bytes,after.data_bytes,after.data_rejections_total,after.applied_sequence,after.durable_sequence,after.wal_pending_bytes,settled.keys,settled.data_capacity_bytes,settled.data_bytes,settled.data_rejections_total,settled.applied_sequence,settled.durable_sequence,settled.wal_pending_bytes,resources.engine.cpu_cores,resources.engine.cpu_window_seconds,resources.engine.cpu_samples,resources.engine.rss_bytes,resources.engine.rss_samples,resources.engine.hwm_bytes,resources.engine.errors,resources.engine.cpu_first_utc_ns,resources.engine.cpu_last_utc_ns,resources.gateway.cpu_cores,resources.gateway.cpu_window_seconds,resources.gateway.cpu_samples,resources.gateway.rss_bytes,resources.gateway.rss_samples,resources.gateway.hwm_bytes,resources.gateway.errors,resources.gateway.cpu_first_utc_ns,resources.gateway.cpu_last_utc_ns,resources.bench.cpu_cores,resources.bench.cpu_window_seconds,resources.bench.cpu_samples,resources.bench.rss_bytes,resources.bench.rss_samples,resources.bench.hwm_bytes,resources.bench.errors,resources.bench.cpu_first_utc_ns,resources.bench.cpu_last_utc_ns,snapshot_internal_samples,snapshot_idle_samples,snapshot_completed_delta,snapshot_window.first.line,snapshot_window.first.started_at,snapshot_window.first.finished_at,snapshot_window.first.snapshot_successes_total,snapshot_window.last.line,snapshot_window.last.started_at,snapshot_window.last.finished_at,snapshot_window.last.snapshot_successes_total,measurement_started_at,measurement_end_utc_ns,failed_stats_queries,stage_execution_state,contrast,numerator_stage,denominator_stage,qps_ratio,p99_ratio,p999_ratio,engine_rss_ratio,engine_rss_increase_bytes,eligible_pairs,classification,triggered_metrics,metrics.qps.ratios,metrics.qps.recorded_ratios,metrics.qps.count_past_threshold,metrics.qps.median,metrics.qps.minimum,metrics.qps.maximum,metrics.p99.ratios,metrics.p99.recorded_ratios,metrics.p99.count_past_threshold,metrics.p99.median,metrics.p99.minimum,metrics.p99.maximum,metrics.p999.ratios,metrics.p999.recorded_ratios,metrics.p999.count_past_threshold,metrics.p999.median,metrics.p999.minimum,metrics.p999.maximum,engine_rss_diagnostic,engine_rss_pairs_past_threshold
round,stage-01-A,1,A,r01-throughput-snapshot-off,throughput,off,valid,True,[],[],[],30640.178585172936,2.499106,3.376833,9.660969,16.318442747,0,,,,0,0,0,5000,,,,500000,500000,0,5000,,,,500000,500000,0,1.2001578659178505,16.222865802,157,5394432,157,5394432,[],1790080424022000000,1790080440245000000,2.7115801906414188,16.223012748,157,14888960,157,14888960,[],1790080424022000000,1790080440245000000,2.0069324482585364,16.223764795,157,20414464,157,20414464,[],1790080424023000000,1790080440246000000,62,62,0,3,2026-09-22T12:33:44.176128+00:00,2026-09-22T12:33:44.180048+00:00,1,64,2026-09-22T12:34:00.037045+00:00,2026-09-22T12:34:00.039540+00:00,1,2026-09-22T12:33:43.934582724Z,1790080440253025471,0,complete,,,,,,,,,,,,,,,,,,,,,,,,,,,,,,,
round,stage-01-A,1,A,r01-throughput-snapshot-on,throughput,on,valid,True,[],[],[],31258.655545164445,2.346493,3.100853,18.193481,15.995569588,0,,,,0,0,0,5000,,,,500000,500000,0,5000,,,,500000,500000,0,1.2263970878123858,15.908387417,154,6217728,154,6217728,[],1790080440510000000,1790080456418000000,2.765006135348041,15.804666558,153,14860288,153,14860288,[],1790080440510000000,1790080456315000000,2.0481203456958665,15.804735336,153,20492288,153,20492288,[],1790080440511000000,1790080456316000000,61,56,14,3,2026-09-22T12:34:00.666052+00:00,2026-09-22T12:34:00.668283+00:00,1,63,2026-09-22T12:34:16.262075+00:00,2026-09-22T12:34:16.264488+00:00,15,2026-09-22T12:34:00.422686604Z,1790080456418256192,0,complete,,,,,,,,,,,,,,,,,,,,,,,,,,,,,,,
round,stage-01-A,1,A,r01-reliable-snapshot-off,reliable,off,valid,True,[],[],[],8906.398111680548,5.397427,8.46179,20.522481,56.139417274,0,,,,0,0,0,5000,,,,500000,500000,0,5000,,,,500000,500000,0,0.458305196240466,56.010711226,547,5468160,547,5468160,[],1790080456681000000,1790080512692000000,0.8480538359729352,56.010595065,547,14860288,547,14860288,[],1790080456681000000,1790080512692000000,0.6118499580533381,56.01046392,547,20647936,547,20860928,[],1790080456682000000,1790080512692000000,218,218,0,3,2026-09-22T12:34:16.834845+00:00,2026-09-22T12:34:16.835557+00:00,1,220,2026-09-22T12:35:12.486721+00:00,2026-09-22T12:35:12.488578+00:00,1,2026-09-22T12:34:16.595076593Z,1790080512734493867,0,complete,,,,,,,,,,,,,,,,,,,,,,,,,,,,,,,
round,stage-01-A,1,A,r01-reliable-snapshot-on,reliable,on,valid,True,[],[],[],8864.231575971862,6.812812,8.670446,16.08973,56.406468594,0,,,,0,0,0,5000,,,,500000,500000,0,5000,,,,500000,500000,0,0.4567620280555821,56.221836367,549,6299648,549,6299648,[],1790080513009000000,1790080569230000000,0.8469999802693471,56.221961168,549,15007744,549,15007744,[],1790080513009000000,1790080569231000000,0.6095476161338117,56.222022846,549,20414464,549,20414464,[],1790080513009000000,1790080569231000000,219,216,55,3,2026-09-22T12:35:13.162472+00:00,2026-09-22T12:35:13.163362+00:00,1,221,2026-09-22T12:36:09.077655+00:00,2026-09-22T12:36:09.078374+00:00,56,2026-09-22T12:35:12.922652737Z,1790080569329121331,0,complete,,,,,,,,,,,,,,,,,,,,,,,,,,,,,,,
round,stage-02-B,1,B,r01-throughput-snapshot-off,throughput,off,valid,True,[],[],[],30543.839182517106,2.465021,3.31331,12.882997,16.369913324,0,0,0,0,0,0,0,5000,0,103890,0,500000,500000,0,5000,0,103890,0,500000,500000,0,1.2148859771142997,16.240207206,157,5320704,157,5320704,[],1790080664412000000,1790080680653000000,2.7043092699950706,16.240746015,157,14970880,157,14970880,[],1790080664413000000,1790080680654000000,1.9955801893660297,16.240890831,157,20578304,157,22446080,[],1790080664413000000,1790080680654000000,63,63,0,3,2026-09-22T12:37:44.567807+00:00,2026-09-22T12:37:44.569500+00:00,1,65,2026-09-22T12:38:00.685131+00:00,2026-09-22T12:38:00.687163+00:00,1,2026-09-22T12:37:44.326011766Z,1790080680695925090,0,complete,,,,,,,,,,,,,,,,,,,,,,,,,,,,,,,
round,stage-02-B,1,B,r01-throughput-snapshot-on,throughput,on,valid,True,[],[],[],29948.177803702525,2.672029,3.947332,17.015111,16.695506594,0,0,0,0,0,0,0,5000,0,103890,0,500000,500000,0,5000,0,103890,0,500000,500000,0,1.2029303365606856,16.559562424,160,6144000,160,6144000,[],1790080680961000000,1790080697521000000,2.650432549541333,16.559561196,160,14942208,160,14942208,[],1790080680962000000,1790080697521000000,1.9583818554368158,16.559589699,160,20557824,160,22798336,[],1790080680962000000,1790080697522000000,64,60,15,3,2026-09-22T12:38:01.117825+00:00,2026-09-22T12:38:01.120230+00:00,1,66,2026-09-22T12:38:17.522760+00:00,2026-09-22T12:38:17.524571+00:00,16,2026-09-22T12:38:00.874919733Z,1790080697570426327,0,complete,,,,,,,,,,,,,,,,,,,,,,,,,,,,,,,
round,stage-02-B,1,B,r01-reliable-snapshot-off,reliable,off,valid,True,[],[],[],8916.240129315553,5.36941,8.528752,23.157244,56.077448874,0,0,0,0,0,0,0,5000,0,103890,0,500000,500000,0,5000,0,103890,0,500000,500000,0,0.4535005713060088,55.920546973,546,5357568,546,5357568,[],1790080697828000000,1790080753748000000,0.85120737214482,55.92056831,546,14946304,546,14946304,[],1790080697828000000,1790080753749000000,0.6126547121972582,55.920568826,546,20561920,546,20561920,[],1790080697828000000,1790080753749000000,218,218,0,3,2026-09-22T12:38:17.981537+00:00,2026-09-22T12:38:17.982367+00:00,1,220,2026-09-22T12:39:13.646229+00:00,2026-09-22T12:39:13.646961+00:00,1,2026-09-22T12:38:17.741461179Z,1790080753818910053,0,complete,,,,,,,,,,,,,,,,,,,,,,,,,,,,,,,
round,stage-02-B,1,B,r01-reliable-snapshot-on,reliable,on,valid,True,[],[],[],8867.39473203741,6.744083,8.705055,20.611043,56.386347412,0,0,0,0,0,0,0,5000,0,103890,0,500000,500000,0,5000,0,103890,0,500000,500000,0,0.4560235402632577,56.225167642,549,6217728,549,6217728,[],1790080754120000000,1790080810345000000,0.8451702322368335,56.225359327,549,14884864,549,14884864,[],1790080754120000000,1790080810345000000,0.6077324147193248,56.225403109,549,20574208,549,20574208,[],1790080754120000000,1790080810346000000,219,215,55,3,2026-09-22T12:39:14.274340+00:00,2026-09-22T12:39:14.275312+00:00,1,221,2026-09-22T12:40:10.190886+00:00,2026-09-22T12:40:10.191598+00:00,56,2026-09-22T12:39:14.033915802Z,1790080810420263214,0,complete,,,,,,,,,,,,,,,,,,,,,,,,,,,,,,,
round,stage-03-C,1,C,r01-throughput-snapshot-off,throughput,off,valid,True,[],[],[],30945.163377038,2.424592,3.191644,12.0512,16.157613838,0,131072,0,0,0,0,0,5000,131072,103890,0,500000,500000,0,5000,131072,103890,0,500000,500000,0,1.2163945215715386,16.030983085,155,5312512,155,5312512,[],1790080877643000000,1790080893674000000,2.74530396554848,16.031011703,155,15003648,155,15003648,[],1790080877643000000,1790080893674000000,2.025447700329596,16.031023657,155,20385792,155,20385792,[],1790080877644000000,1790080893675000000,62,62,0,3,2026-09-22T12:41:17.799082+00:00,2026-09-22T12:41:17.802136+00:00,1,64,2026-09-22T12:41:33.662132+00:00,2026-09-22T12:41:33.663860+00:00,1,2026-09-22T12:41:17.556197938Z,1790080893713811776,0,complete,,,,,,,,,,,,,,,,,,,,,,,,,,,,,,,
round,stage-03-C,1,C,r01-throughput-snapshot-on,throughput,on,valid,True,[],[],[],30302.130656645513,2.529456,3.427221,10.557327,16.500489872,0,131072,0,0,0,0,0,5000,131072,103890,0,500000,500000,0,5000,131072,103890,0,500000,500000,0,1.198343320495485,16.339224048,158,6152192,158,6152192,[],1790080893979000000,1790080910318000000,2.6879980749350967,16.339297416,158,14938112,158,14938112,[],1790080893979000000,1790080910319000000,1.982949547723772,16.339296195,158,20377600,158,20430848,[],1790080893980000000,1790080910319000000,63,57,15,3,2026-09-22T12:41:34.133716+00:00,2026-09-22T12:41:34.136545+00:00,1,65,2026-09-22T12:41:50.263650+00:00,2026-09-22T12:41:50.267826+00:00,16,2026-09-22T12:41:33.892533587Z,1790080910393023459,0,complete,,,,,,,,,,,,,,,,,,,,,,,,,,,,,,,
round,stage-03-C,1,C,r01-reliable-snapshot-off,reliable,off,valid,True,[],[],[],8893.150846927583,5.508407,8.813794,23.483794,56.223042722,0,131072,0,0,0,0,0,5000,131072,103890,0,500000,500000,0,5000,131072,103890,0,500000,500000,0,0.4598259768761519,56.12993023,548,5386240,548,5386240,[],1790080910674000000,1790080966804000000,0.848923699399328,56.129897226,548,14794752,548,14815232,[],1790080910675000000,1790080966805000000,0.6116184158345699,56.129768351,548,20385792,548,20385792,[],1790080910675000000,1790080966805000000,219,219,0,3,2026-09-22T12:41:50.829088+00:00,2026-09-22T12:41:50.829761+00:00,1,221,2026-09-22T12:42:46.753565+00:00,2026-09-22T12:42:46.754292+00:00,1,2026-09-22T12:41:50.589629541Z,1790080966812672263,0,complete,,,,,,,,,,,,,,,,,,,,,,,,,,,,,,,
round,stage-03-C,1,C,r01-reliable-snapshot-on,reliable,on,valid,True,[],[],[],8858.179782082232,7.068404,8.792311,17.9414,56.445004764,0,131072,0,0,0,0,0,5000,131072,103890,0,500000,500000,0,5000,131072,103890,0,500000,500000,0,0.4597330634412277,56.315288281,550,6217728,550,6217728,[],1790080967090000000,1790081023406000000,0.8452429300895942,56.315170829,550,14888960,550,14888960,[],1790080967091000000,1790081023406000000,0.6088964493365219,56.314994179,550,20463616,550,20463616,[],1790080967091000000,1790081023406000000,220,216,55,3,2026-09-22T12:42:47.245559+00:00,2026-09-22T12:42:47.246298+00:00,1,222,2026-09-22T12:43:43.407271+00:00,2026-09-22T12:43:43.407991+00:00,56,2026-09-22T12:42:47.005239474Z,1790081023450244238,0,complete,,,,,,,,,,,,,,,,,,,,,,,,,,,,,,,
round,stage-04-C,2,C,r01-reliable-snapshot-off,reliable,off,valid,True,[],[],[],8902.586289769715,5.400716,9.133704,19.668491,56.163454498,0,131072,0,0,0,0,0,5000,131072,103890,0,500000,500000,0,5000,131072,103890,0,500000,500000,0,0.45667532781751924,56.035433581,547,5365760,547,5365760,[],1790081193564000000,1790081249599000000,0.8496406975244649,56.035451384,547,14917632,547,14917632,[],1790081193564000000,1790081249600000000,0.6115774023519251,56.035425554,547,20512768,547,20512768,[],1790081193565000000,1790081249600000000,218,218,0,3,2026-09-22T12:46:33.719575+00:00,2026-09-22T12:46:33.720569+00:00,1,220,2026-09-22T12:47:29.393128+00:00,2026-09-22T12:47:29.393959+00:00,1,2026-09-22T12:46:33.478124476Z,1790081249641578974,0,complete,,,,,,,,,,,,,,,,,,,,,,,,,,,,,,,
round,stage-04-C,2,C,r01-reliable-snapshot-on,reliable,on,valid,True,[],[],"[""bench resource sample unavailable; no memory values in this sample""]",8856.697130939086,6.980534,8.728937,17.553547,56.454453913,0,131072,0,0,0,0,0,5000,131072,103890,0,500000,500000,0,5000,131072,103890,0,500000,500000,0,0.4586543204576358,56.338725806,550,6205440,550,6205440,[],1790081249918000000,1790081306257000000,0.8457766073103137,56.338753742,550,15024128,550,15024128,[],1790081249918000000,1790081306257000000,0.6088168931800917,56.338778349,550,20488192,550,20488192,[],1790081249919000000,1790081306257000000,220,217,55,3,2026-09-22T12:47:30.072334+00:00,2026-09-22T12:47:30.073092+00:00,1,222,2026-09-22T12:48:26.258239+00:00,2026-09-22T12:48:26.259029+00:00,56,2026-09-22T12:47:29.832339148Z,1790081306286793061,0,complete,,,,,,,,,,,,,,,,,,,,,,,,,,,,,,,
round,stage-04-C,2,C,r01-throughput-snapshot-off,throughput,off,valid,True,[],[],[],31193.117091432356,2.352637,3.114308,14.615264,16.029177159,0,131072,0,0,0,0,0,5000,131072,103890,0,500000,500000,0,5000,131072,103890,0,500000,500000,0,1.2315581796188195,15.906678486,154,5316608,154,5316608,[],1790081306566000000,1790081322473000000,2.7604864914166463,15.90661651,154,14950400,154,14950400,[],1790081306566000000,1790081322473000000,2.044416342434421,15.906740386,154,20328448,154,20369408,[],1790081306567000000,1790081322473000000,61,61,0,3,2026-09-22T12:48:26.721562+00:00,2026-09-22T12:48:26.723423+00:00,1,63,2026-09-22T12:48:42.315450+00:00,2026-09-22T12:48:42.318632+00:00,1,2026-09-22T12:48:26.479478712Z,1790081322508655871,0,complete,,,,,,,,,,,,,,,,,,,,,,,,,,,,,,,
round,stage-04-C,2,C,r01-throughput-snapshot-on,throughput,on,valid,True,[],[],[],30970.947581215325,2.478209,3.483977,16.032192,16.14416216,0,131072,0,0,0,0,0,5000,131072,103890,0,500000,500000,0,5000,131072,103890,0,500000,500000,0,1.2233896905342017,16.021060298,155,6139904,155,6139904,[],1790081322787000000,1790081338809000000,2.7332734654898347,16.021082615,155,14979072,155,14979072,[],1790081322788000000,1790081338809000000,2.029200299670752,16.02108969,155,20676608,155,20676608,[],1790081322788000000,1790081338809000000,62,58,14,3,2026-09-22T12:48:42.943610+00:00,2026-09-22T12:48:42.946803+00:00,1,64,2026-09-22T12:48:58.785912+00:00,2026-09-22T12:48:58.788733+00:00,15,2026-09-22T12:48:42.701739121Z,1790081338845901281,0,complete,,,,,,,,,,,,,,,,,,,,,,,,,,,,,,,
round,stage-05-B,2,B,r01-reliable-snapshot-off,reliable,off,valid,True,[],[],[],8916.1688706534,5.366755,8.525762,16.857974,56.077897049,0,0,0,0,0,0,0,5000,0,103890,0,500000,500000,0,5000,0,103890,0,500000,500000,0,0.4566108946112981,55.93383842,546,5390336,546,5390336,[],1790081375858000000,1790081431792000000,0.8526122205805023,55.933985989,546,14946304,546,14946304,[],1790081375859000000,1790081431793000000,0.6108986697518792,55.933989861,546,20439040,546,20439040,[],1790081375859000000,1790081431793000000,218,218,0,3,2026-09-22T12:49:36.012588+00:00,2026-09-22T12:49:36.013363+00:00,1,220,2026-09-22T12:50:31.690741+00:00,2026-09-22T12:50:31.691401+00:00,1,2026-09-22T12:49:35.772672438Z,1790081431850569487,0,complete,,,,,,,,,,,,,,,,,,,,,,,,,,,,,,,
round,stage-05-B,2,B,r01-reliable-snapshot-on,reliable,on,valid,True,[],[],[],8863.655648992994,6.873086,8.730977,20.322004,56.410133674,0,0,0,0,0,0,0,5000,0,103890,0,500000,500000,0,5000,0,103890,0,500000,500000,0,0.45745582918014965,56.245867598,549,6205440,549,6205440,[],1790081432134000000,1790081488380000000,0.8478874535880397,56.245672463,549,14946304,549,14946304,[],1790081432134000000,1790081488380000000,0.610892663435015,56.245560074,549,20541440,549,20541440,[],1790081432135000000,1790081488380000000,219,215,55,3,2026-09-22T12:50:32.288706+00:00,2026-09-22T12:50:32.289400+00:00,1,221,2026-09-22T12:51:28.226782+00:00,2026-09-22T12:51:28.227545+00:00,56,2026-09-22T12:50:32.047845021Z,1790081488457978695,0,complete,,,,,,,,,,,,,,,,,,,,,,,,,,,,,,,
round,stage-05-B,2,B,r01-throughput-snapshot-off,throughput,off,valid,True,[],[],[],31075.81419007797,2.400906,3.182292,14.83775,16.089683023,0,0,0,0,0,0,0,5000,0,103890,0,500000,500000,0,5000,0,103890,0,500000,500000,0,1.220047781449458,15.901016579,154,5312512,154,5312512,[],1790081488748000000,1790081504649000000,2.7463716031393712,15.900980024,154,14893056,154,14893056,[],1790081488749000000,1790081504650000000,2.028813402267377,15.900920195,154,20504576,154,20504576,[],1790081488749000000,1790081504650000000,61,61,0,3,2026-09-22T12:51:28.903172+00:00,2026-09-22T12:51:28.904956+00:00,1,63,2026-09-22T12:51:44.494568+00:00,2026-09-22T12:51:44.495829+00:00,1,2026-09-22T12:51:28.661858489Z,1790081504751541512,0,complete,,,,,,,,,,,,,,,,,,,,,,,,,,,,,,,
round,stage-05-B,2,B,r01-throughput-snapshot-on,throughput,on,valid,True,[],[],[],30933.910286561026,2.413204,3.168151,14.305512,16.16349163,0,0,0,0,0,0,0,5000,0,103890,0,500000,500000,0,5000,0,103890,0,500000,500000,0,1.2234217337793747,16.036988275,155,6135808,155,6135808,[],1790081505036000000,1790081521073000000,2.741160703013134,16.037002118,155,14807040,155,14807040,[],1790081505037000000,1790081521074000000,2.0271859752890493,16.037009133,155,20512768,155,20512768,[],1790081505037000000,1790081521074000000,62,58,15,3,2026-09-22T12:51:45.193371+00:00,2026-09-22T12:51:45.195685+00:00,1,64,2026-09-22T12:52:01.061740+00:00,2026-09-22T12:52:01.063168+00:00,16,2026-09-22T12:51:44.950242077Z,1790081521113733707,0,complete,,,,,,,,,,,,,,,,,,,,,,,,,,,,,,,
round,stage-06-A,2,A,r01-reliable-snapshot-off,reliable,off,valid,True,[],[],[],8904.066633762302,5.437708,8.777741,29.918306,56.154117053,0,,,,0,0,0,5000,,,,500000,500000,0,5000,,,,500000,500000,0,0.4549473834637522,56.050437758,547,5447680,547,5447680,[],1790081561598000000,1790081617649000000,0.8494111670266986,56.050593456,547,14983168,547,14983168,[],1790081561599000000,1790081617649000000,0.6112325653391912,56.050678486,547,20783104,547,20783104,[],1790081561599000000,1790081617650000000,218,218,0,3,2026-09-22T12:52:41.752914+00:00,2026-09-22T12:52:41.753771+00:00,1,220,2026-09-22T12:53:37.433855+00:00,2026-09-22T12:53:37.434687+00:00,1,2026-09-22T12:52:41.512512166Z,1790081617666629219,0,complete,,,,,,,,,,,,,,,,,,,,,,,,,,,,,,,
round,stage-06-A,2,A,r01-reliable-snapshot-on,reliable,on,valid,True,[],[],[],8864.902687975595,6.893773,8.765044,24.676294,56.402198377,0,,,,0,0,0,5000,,,,500000,500000,0,5000,,,,500000,500000,0,0.4566910847483241,56.252466619,549,6291456,549,6291456,[],1790081617949000000,1790081674202000000,0.8461879581988987,56.252277687,549,14966784,549,14966784,[],1790081617950000000,1790081674202000000,0.609399008540171,56.252142717,549,20410368,549,20418560,[],1790081617950000000,1790081674203000000,219,216,55,3,2026-09-22T12:53:38.104322+00:00,2026-09-22T12:53:38.105010+00:00,1,221,2026-09-22T12:54:34.048409+00:00,2026-09-22T12:54:34.049192+00:00,56,2026-09-22T12:53:37.864223686Z,1790081674266422063,0,complete,,,,,,,,,,,,,,,,,,,,,,,,,,,,,,,
round,stage-06-A,2,A,r01-throughput-snapshot-off,throughput,off,valid,True,[],[],[],31033.416529189413,2.38967,3.185847,11.131728,16.111664648,0,,,,0,0,0,5000,,,,500000,500000,0,5000,,,,500000,500000,0,1.213972469350307,15.93116853,154,5386240,154,5386240,[],1790081674563000000,1790081690494000000,2.743650968591883,15.931326725,154,14946304,154,14946304,[],1790081674564000000,1790081690495000000,2.0236793792323033,15.931377436,154,20377600,154,20377600,[],1790081674564000000,1790081690495000000,61,61,0,3,2026-09-22T12:54:34.718574+00:00,2026-09-22T12:54:34.720791+00:00,1,63,2026-09-22T12:54:50.328306+00:00,2026-09-22T12:54:50.331192+00:00,1,2026-09-22T12:54:34.477049397Z,1790081690588714045,0,complete,,,,,,,,,,,,,,,,,,,,,,,,,,,,,,,
round,stage-06-A,2,A,r01-throughput-snapshot-on,throughput,on,valid,True,[],[],[],30936.255002687798,2.428231,3.274526,18.258052,16.162266569,0,,,,0,0,0,5000,,,,500000,500000,0,5000,,,,500000,500000,0,1.205144658646944,16.022972729,155,6246400,155,6246400,[],1790081690872000000,1790081706895000000,2.7304540432491544,16.022976145,155,14946304,155,14946304,[],1790081690872000000,1790081706895000000,2.014598971814528,16.023040045,155,20414464,155,20414464,[],1790081690873000000,1790081706896000000,62,57,14,3,2026-09-22T12:54:51.027091+00:00,2026-09-22T12:54:51.029629+00:00,1,64,2026-09-22T12:55:06.896503+00:00,2026-09-22T12:55:06.898149+00:00,15,2026-09-22T12:54:50.786073374Z,1790081706948339943,0,complete,,,,,,,,,,,,,,,,,,,,,,,,,,,,,,,
round,stage-07-B,3,B,r01-throughput-snapshot-off,throughput,off,valid,True,[],[],[],30354.51143668821,2.476183,3.347155,16.568279,16.472016064,0,0,0,0,0,0,0,5000,0,103890,0,500000,500000,0,5000,0,103890,0,500000,500000,0,1.2018228451207937,16.341842793,158,5304320,158,5304320,[],1790081753123000000,1790081769465000000,2.6814588375372805,16.341850707,158,14884864,158,14884864,[],1790081753124000000,1790081769466000000,1.9783610630279098,16.341809695,158,20475904,158,20475904,[],1790081753124000000,1790081769466000000,63,63,0,3,2026-09-22T12:55:53.278124+00:00,2026-09-22T12:55:53.280710+00:00,1,65,2026-09-22T12:56:09.413514+00:00,2026-09-22T12:56:09.414910+00:00,1,2026-09-22T12:55:53.036542328Z,1790081769508558392,0,complete,,,,,,,,,,,,,,,,,,,,,,,,,,,,,,,
round,stage-07-B,3,B,r01-throughput-snapshot-on,throughput,on,valid,True,[],[],[],31064.38951352069,2.406763,3.227744,14.312278,16.095600391,0,0,0,0,0,0,0,5000,0,103890,0,500000,500000,0,5000,0,103890,0,500000,500000,0,1.220482880847883,15.911734859,154,6160384,154,6160384,[],1790081769770000000,1790081785681000000,2.7363428433135,15.911748817,154,14839808,154,14839808,[],1790081769770000000,1790081785682000000,2.017380748489269,15.911721188,154,20459520,154,20492288,[],1790081769770000000,1790081785682000000,61,55,14,3,2026-09-22T12:56:09.925279+00:00,2026-09-22T12:56:09.927505+00:00,1,63,2026-09-22T12:56:25.525088+00:00,2026-09-22T12:56:25.528334+00:00,15,2026-09-22T12:56:09.683000393Z,1790081785778600784,0,complete,,,,,,,,,,,,,,,,,,,,,,,,,,,,,,,
round,stage-07-B,3,B,r01-reliable-snapshot-off,reliable,off,valid,True,[],[],[],8912.358043741611,5.415021,8.558754,24.375729,56.101875345,0,0,0,0,0,0,0,5000,0,103890,0,500000,500000,0,5000,0,103890,0,500000,500000,0,0.4583545419706356,55.939229684,546,5394432,546,5394432,[],1790081786038000000,1790081841977000000,0.8493142276445649,55.93924893,546,14921728,546,14921728,[],1790081786039000000,1790081841978000000,0.6133421298281204,55.939415102,546,20508672,546,20508672,[],1790081786039000000,1790081841978000000,218,218,0,3,2026-09-22T12:56:26.192549+00:00,2026-09-22T12:56:26.193282+00:00,1,220,2026-09-22T12:57:21.874856+00:00,2026-09-22T12:57:21.876383+00:00,1,2026-09-22T12:56:25.951908634Z,1790081842053783979,0,complete,,,,,,,,,,,,,,,,,,,,,,,,,,,,,,,
round,stage-07-B,3,B,r01-reliable-snapshot-on,reliable,on,valid,True,[],[],[],8851.344575851615,7.12932,9.052155,14.280968,56.488592859,0,0,0,0,0,0,0,5000,0,103890,0,500000,500000,0,5000,0,103890,0,500000,500000,0,0.45665803901041535,56.322231961,550,6209536,550,6209536,[],1790081842338000000,1790081898660000000,0.8446051860798617,56.322173702,550,14958592,550,14958592,[],1790081842338000000,1790081898661000000,0.6095291123934373,56.322166246,550,20533248,550,20533248,[],1790081842339000000,1790081898661000000,220,217,55,3,2026-09-22T12:57:22.492371+00:00,2026-09-22T12:57:22.493084+00:00,1,222,2026-09-22T12:58:18.661605+00:00,2026-09-22T12:58:18.662282+00:00,56,2026-09-22T12:57:22.252346495Z,1790081898740939354,0,complete,,,,,,,,,,,,,,,,,,,,,,,,,,,,,,,
round,stage-08-C,3,C,r01-throughput-snapshot-off,throughput,off,valid,True,[],[],[],30615.76626591243,2.448692,3.263699,15.840163,16.331454704,0,131072,0,0,0,0,0,5000,131072,103890,0,500000,500000,0,5000,131072,103890,0,500000,500000,0,1.198588048193657,16.227426954,157,5296128,157,5296128,[],1790081943460000000,1790081959687000000,2.7083842261016846,16.227387376,157,14884864,157,14884864,[],1790081943460000000,1790081959688000000,1.9935271061013877,16.227519506,157,20557824,157,20557824,[],1790081943460000000,1790081959688000000,62,62,0,3,2026-09-22T12:59:03.615266+00:00,2026-09-22T12:59:03.617866+00:00,1,64,2026-09-22T12:59:19.480251+00:00,2026-09-22T12:59:19.482778+00:00,1,2026-09-22T12:59:03.373853324Z,1790081959705308028,0,complete,,,,,,,,,,,,,,,,,,,,,,,,,,,,,,,
round,stage-08-C,3,C,r01-throughput-snapshot-on,throughput,on,valid,True,[],[],[],30987.12485724465,2.378603,3.189149,12.22747,16.135733867,0,131072,0,0,0,0,0,5000,131072,103890,0,500000,500000,0,5000,131072,103890,0,500000,500000,0,1.2295925782648194,16.005301551,155,6172672,155,6172672,[],1790081959982000000,1790081975988000000,2.740966609746068,16.005302598,155,14888960,155,14888960,[],1790081959983000000,1790081975988000000,2.0268332506536777,16.005263378,155,20455424,155,20455424,[],1790081959983000000,1790081975989000000,62,58,15,3,2026-09-22T12:59:20.138134+00:00,2026-09-22T12:59:20.139965+00:00,1,64,2026-09-22T12:59:35.989474+00:00,2026-09-22T12:59:35.991557+00:00,16,2026-09-22T12:59:19.895675887Z,1790081976031409754,0,complete,,,,,,,,,,,,,,,,,,,,,,,,,,,,,,,
round,stage-08-C,3,C,r01-reliable-snapshot-off,reliable,off,valid,True,[],[],[],8917.255934615361,5.374953,8.311395,21.468376,56.071060836,0,131072,0,0,0,0,0,5000,131072,103890,0,500000,500000,0,5000,131072,103890,0,500000,500000,0,0.4576226682672547,55.941284764,546,5382144,546,5382144,[],1790081976294000000,1790082032236000000,0.8537495151771282,55.941466614,546,14970880,546,14970880,[],1790081976295000000,1790082032236000000,0.6147491932926406,55.941513019,546,20512768,546,20512768,[],1790081976295000000,1790082032236000000,218,218,0,3,2026-09-22T12:59:36.447967+00:00,2026-09-22T12:59:36.448712+00:00,1,220,2026-09-22T13:00:32.134160+00:00,2026-09-22T13:00:32.134988+00:00,1,2026-09-22T12:59:36.208871014Z,1790082032279931850,0,complete,,,,,,,,,,,,,,,,,,,,,,,,,,,,,,,
round,stage-08-C,3,C,r01-reliable-snapshot-on,reliable,on,valid,True,[],[],[],8853.514873410182,7.08333,8.842591,15.765165,56.474745584,0,131072,0,0,0,0,0,5000,131072,103890,0,500000,500000,0,5000,131072,103890,0,500000,500000,0,0.45960756703571304,56.330665239,550,6217728,550,6217728,[],1790082032584000000,1790082088915000000,0.845365480771357,56.330665355,550,14880768,550,14880768,[],1790082032585000000,1790082088915000000,0.6085507017567284,56.330557012,550,20512768,550,20512768,[],1790082032585000000,1790082088916000000,220,216,55,3,2026-09-22T13:00:32.738426+00:00,2026-09-22T13:00:32.739194+00:00,1,222,2026-09-22T13:01:28.916352+00:00,2026-09-22T13:01:28.917004+00:00,56,2026-09-22T13:00:32.497967877Z,1790082088972713461,0,complete,,,,,,,,,,,,,,,,,,,,,,,,,,,,,,,
round,stage-09-A,3,A,r01-throughput-snapshot-off,throughput,off,valid,True,[],[],[],30959.068525296814,2.416262,3.246473,12.809189,16.150356707,0,,,,0,0,0,5000,,,,500000,500000,0,5000,,,,500000,500000,0,1.2056418232766477,16.016365414,155,5398528,155,5398528,[],1790082152547000000,1790082168563000000,2.728479771588896,16.016244817,155,14864384,155,14864384,[],1790082152547000000,1790082168563000000,2.0242016114565136,16.016191182,155,20299776,155,20545536,[],1790082152548000000,1790082168564000000,62,62,0,3,2026-09-22T13:02:32.704194+00:00,2026-09-22T13:02:32.706151+00:00,1,64,2026-09-22T13:02:48.564711+00:00,2026-09-22T13:02:48.567437+00:00,1,2026-09-22T13:02:32.459553267Z,1790082168609909974,0,complete,,,,,,,,,,,,,,,,,,,,,,,,,,,,,,,
round,stage-09-A,3,A,r01-throughput-snapshot-on,throughput,on,valid,True,[],[],[],30751.21458069154,2.444856,3.259111,12.296996,16.259520374,0,,,,0,0,0,5000,,,,500000,500000,0,5000,,,,500000,500000,0,1.2240417223387576,16.143240577,156,6225920,156,6230016,[],1790082168871000000,1790082185014000000,2.72685275906026,16.143152524,156,15106048,156,15106048,[],1790082168871000000,1790082185015000000,2.0231834625542775,16.142876118,156,20537344,156,20537344,[],1790082168872000000,1790082185015000000,62,59,15,3,2026-09-22T13:02:49.025991+00:00,2026-09-22T13:02:49.028083+00:00,1,64,2026-09-22T13:03:04.910528+00:00,2026-09-22T13:03:04.912338+00:00,16,2026-09-22T13:02:48.784370654Z,1790082185043891028,0,complete,,,,,,,,,,,,,,,,,,,,,,,,,,,,,,,
round,stage-09-A,3,A,r01-reliable-snapshot-off,reliable,off,valid,True,[],[],[],8896.207195504398,5.462691,8.912979,20.697529,56.203726938,0,,,,0,0,0,5000,,,,500000,500000,0,5000,,,,500000,500000,0,0.45466539505118564,56.041212455,547,5459968,547,5459968,[],1790082185309000000,1790082241350000000,0.8458029749195709,56.04142029,547,14938112,547,14938112,[],1790082185309000000,1790082241350000000,0.6097251045941846,56.041648511,547,20570112,547,20570112,[],1790082185309000000,1790082241351000000,219,219,0,3,2026-09-22T13:03:05.462837+00:00,2026-09-22T13:03:05.463590+00:00,1,221,2026-09-22T13:04:01.402045+00:00,2026-09-22T13:04:01.402679+00:00,1,2026-09-22T13:03:05.222894746Z,1790082241426621684,0,complete,,,,,,,,,,,,,,,,,,,,,,,,,,,,,,,
round,stage-09-A,3,A,r01-reliable-snapshot-on,reliable,on,valid,True,[],[],[],8862.881575140496,6.951927,8.709473,18.341074,56.41506047,0,,,,0,0,0,5000,,,,500000,500000,0,5000,,,,500000,500000,0,0.4577695803503634,56.316542441,550,6303744,550,6303744,[],1790082241721000000,1790082298038000000,0.8450446640200596,56.316549913,550,14917632,550,14917632,[],1790082241722000000,1790082298038000000,0.6099447493229223,56.316576277,550,20353024,550,20353024,[],1790082241722000000,1790082298039000000,220,217,55,3,2026-09-22T13:04:01.875005+00:00,2026-09-22T13:04:01.875672+00:00,1,222,2026-09-22T13:04:58.039492+00:00,2026-09-22T13:04:58.040113+00:00,56,2026-09-22T13:04:01.635022519Z,1790082298050082989,0,complete,,,,,,,,,,,,,,,,,,,,,,,,,,,,,,,
round,stage-10-A,4,A,r01-reliable-snapshot-off,reliable,off,valid,True,[],[],[],8775.174087399437,7.010179,9.219856,22.797434,56.978926574,0,,,,0,0,0,5000,,,,500000,500000,0,5000,,,,500000,500000,0,0.44782543635730865,56.874839909,555,5455872,555,5455872,[],1790082349518000000,1790082406393000000,0.8263735640995675,56.875004286,555,14909440,555,14909440,[],1790082349519000000,1790082406394000000,0.5907691723518975,56.875005624,555,18931712,555,18931712,[],1790082349519000000,1790082406394000000,222,222,0,3,2026-09-22T13:05:49.672091+00:00,2026-09-22T13:05:49.673777+00:00,1,224,2026-09-22T13:06:46.394559+00:00,2026-09-22T13:06:46.395207+00:00,1,2026-09-22T13:05:49.432005263Z,1790082406410931837,0,complete,,,,,,,,,,,,,,,,,,,,,,,,,,,,,,,
round,stage-10-A,4,A,r01-reliable-snapshot-on,reliable,on,valid,True,[],[],[],8722.382045513257,8.023441,9.50827,15.065772,57.323790381,0,,,,0,0,0,5000,,,,500000,500000,0,5000,,,,500000,500000,0,0.4516748931678882,57.209290113,558,6270976,558,6270976,[],1790082406715000000,1790082463924000000,0.8136787956322319,57.209306977,558,14823424,558,14823424,[],1790082406715000000,1790082463924000000,0.5813752305725184,57.209179633,558,20377600,558,20377600,[],1790082406716000000,1790082463925000000,223,219,56,3,2026-09-22T13:06:46.870352+00:00,2026-09-22T13:06:46.871070+00:00,1,225,2026-09-22T13:07:43.873126+00:00,2026-09-22T13:07:43.873863+00:00,57,2026-09-22T13:06:46.632080727Z,1790082463955871108,0,complete,,,,,,,,,,,,,,,,,,,,,,,,,,,,,,,
round,stage-10-A,4,A,r01-throughput-snapshot-off,throughput,off,valid,True,[],[],[],31171.160696380633,2.386232,3.204249,9.20581,16.040467818,0,,,,0,0,0,5000,,,,500000,500000,0,5000,,,,500000,500000,0,1.2173016660235823,15.90402818,154,5410816,154,5410816,[],1790082464234000000,1790082480138000000,2.757801513719336,15.903972705,154,14630912,154,14630912,[],1790082464234000000,1790082480138000000,2.032193137231336,15.90400017,154,20488192,154,20488192,[],1790082464235000000,1790082480139000000,61,61,0,3,2026-09-22T13:07:44.389881+00:00,2026-09-22T13:07:44.392026+00:00,1,63,2026-09-22T13:07:59.982422+00:00,2026-09-22T13:07:59.984244+00:00,1,2026-09-22T13:07:44.147288224Z,1790082480187756042,0,complete,,,,,,,,,,,,,,,,,,,,,,,,,,,,,,,
round,stage-10-A,4,A,r01-throughput-snapshot-on,throughput,on,valid,True,[],[],[],29979.7711314412,2.601174,3.60313,10.824249,16.67791251,0,,,,0,0,0,5000,,,,500000,500000,0,5000,,,,500000,500000,0,1.1835811596575383,16.551463193,160,6209536,160,6209536,[],1790082480474000000,1790082497025000000,2.656561872366036,16.551468444,160,14913536,160,14913536,[],1790082480474000000,1790082497026000000,1.9635722432336444,16.551466396,160,20664320,160,20664320,[],1790082480475000000,1790082497026000000,64,62,15,3,2026-09-22T13:08:00.628997+00:00,2026-09-22T13:08:00.630983+00:00,1,66,2026-09-22T13:08:17.027261+00:00,2026-09-22T13:08:17.029949+00:00,16,2026-09-22T13:08:00.386971359Z,1790082497064883869,0,complete,,,,,,,,,,,,,,,,,,,,,,,,,,,,,,,
round,stage-11-C,4,C,r01-reliable-snapshot-off,reliable,off,valid,True,[],[],[],8914.132189428703,5.377714,8.533255,17.882662,56.090709603,0,131072,0,0,0,0,0,5000,131072,103890,0,500000,500000,0,5000,131072,103890,0,500000,500000,0,0.45464160519888547,55.934168165,546,5357568,546,5357568,[],1790082540486000000,1790082596420000000,0.8522521190714564,55.934152504,546,14950400,546,14950400,[],1790082540486000000,1790082596420000000,0.6105389243647689,55.934189676,546,20582400,546,20582400,[],1790082540486000000,1790082596421000000,218,218,0,3,2026-09-22T13:09:00.639959+00:00,2026-09-22T13:09:00.640675+00:00,1,220,2026-09-22T13:09:56.318904+00:00,2026-09-22T13:09:56.319552+00:00,1,2026-09-22T13:09:00.399819698Z,1790082596490529301,0,complete,,,,,,,,,,,,,,,,,,,,,,,,,,,,,,,
round,stage-11-C,4,C,r01-reliable-snapshot-on,reliable,on,valid,True,[],[],[],8855.608351477951,6.956979,8.6424,21.210386,56.461394876,0,131072,0,0,0,0,0,5000,131072,103890,0,500000,500000,0,5000,131072,103890,0,500000,500000,0,0.459245577223322,56.353291754,550,6201344,550,6201344,[],1790082596769000000,1790082653122000000,0.8467985014313816,56.353429912,550,15294464,550,15294464,[],1790082596769000000,1790082653122000000,0.6084803897006675,56.35350059,550,20398080,550,20398080,[],1790082596769000000,1790082653123000000,220,216,55,3,2026-09-22T13:09:56.923194+00:00,2026-09-22T13:09:56.923934+00:00,1,222,2026-09-22T13:10:53.123438+00:00,2026-09-22T13:10:53.124108+00:00,56,2026-09-22T13:09:56.683069032Z,1790082653144463908,0,complete,,,,,,,,,,,,,,,,,,,,,,,,,,,,,,,
round,stage-11-C,4,C,r01-throughput-snapshot-off,throughput,off,valid,True,[],[],[],30726.832375104885,2.457235,3.349134,13.174983,16.272422549,0,131072,0,0,0,0,0,5000,131072,103890,0,500000,500000,0,5000,131072,103890,0,500000,500000,0,1.2257197864566893,16.121139773,156,5304320,156,5304320,[],1790082653419000000,1790082669540000000,2.729913478125946,16.121390056,156,14934016,156,14934016,[],1790082653420000000,1790082669541000000,2.0240167407311644,16.12140816,156,20328448,156,20328448,[],1790082653420000000,1790082669541000000,62,62,0,3,2026-09-22T13:10:53.574668+00:00,2026-09-22T13:10:53.576277+00:00,1,64,2026-09-22T13:11:09.436584+00:00,2026-09-22T13:11:09.438433+00:00,1,2026-09-22T13:10:53.332666883Z,1790082669605089432,0,complete,,,,,,,,,,,,,,,,,,,,,,,,,,,,,,,
round,stage-11-C,4,C,r01-throughput-snapshot-on,throughput,on,valid,True,[],[],[],30825.97413544803,2.432069,3.263071,13.660916,16.220087573,0,131072,0,0,0,0,0,5000,131072,103890,0,500000,500000,0,5000,131072,103890,0,500000,500000,0,1.2254546723057924,16.124627411,156,6139904,156,6139904,[],1790082669876000000,1790082686000000000,2.732463118204945,16.124645821,156,14888960,156,14888960,[],1790082669876000000,1790082686001000000,2.021146205523017,16.124513858,156,20176896,156,20176896,[],1790082669877000000,1790082686001000000,62,54,15,3,2026-09-22T13:11:10.031750+00:00,2026-09-22T13:11:10.034795+00:00,1,64,2026-09-22T13:11:25.896819+00:00,2026-09-22T13:11:25.899065+00:00,16,2026-09-22T13:11:09.789537549Z,1790082686009625122,0,complete,,,,,,,,,,,,,,,,,,,,,,,,,,,,,,,
round,stage-12-B,4,B,r01-reliable-snapshot-off,reliable,off,valid,True,[],[],[],8899.293006937129,5.444253,8.786745,24.638759,56.184238412,0,0,0,0,0,0,0,5000,0,103890,0,500000,500000,0,5000,0,103890,0,500000,500000,0,0.45953021418144885,56.03548843,547,5390336,547,5390336,[],1790082708612000000,1790082764647000000,0.846785072910254,56.035470532,547,15192064,547,15192064,[],1790082708612000000,1790082764648000000,0.6101508130117753,56.035326465,547,20553728,547,20553728,[],1790082708613000000,1790082764648000000,219,219,0,3,2026-09-22T13:11:48.766225+00:00,2026-09-22T13:11:48.767560+00:00,1,221,2026-09-22T13:12:44.698957+00:00,2026-09-22T13:12:44.699713+00:00,1,2026-09-22T13:11:48.525876327Z,1790082764710114739,0,complete,,,,,,,,,,,,,,,,,,,,,,,,,,,,,,,
round,stage-12-B,4,B,r01-reliable-snapshot-on,reliable,on,valid,True,[],[],[],8855.155814477903,7.003643,9.058346,18.599217,56.464280299,0,0,0,0,0,0,0,5000,0,103890,0,500000,500000,0,5000,0,103890,0,500000,500000,0,0.4554227974089556,56.343248836,550,6209536,550,6209536,[],1790082765003000000,1790082821346000000,0.8444652058875588,56.343351589,550,15036416,550,15036416,[],1790082765003000000,1790082821347000000,0.6080568905109045,56.343412162,550,20619264,550,20619264,[],1790082765004000000,1790082821347000000,220,217,55,3,2026-09-22T13:12:45.157042+00:00,2026-09-22T13:12:45.157846+00:00,1,222,2026-09-22T13:13:41.347888+00:00,2026-09-22T13:13:41.348555+00:00,56,2026-09-22T13:12:44.916318732Z,1790082821380599031,0,complete,,,,,,,,,,,,,,,,,,,,,,,,,,,,,,,
round,stage-12-B,4,B,r01-throughput-snapshot-off,throughput,off,valid,True,[],[],[],30744.021955854103,2.481082,3.379024,15.121858,16.263324321,0,0,0,0,0,0,0,5000,0,103890,0,500000,500000,0,5000,0,103890,0,500000,500000,0,1.2126932098073313,16.137634681,156,5296128,156,5296128,[],1790082821657000000,1790082837795000000,2.724694394997047,16.137589625,156,14770176,156,14770176,[],1790082821658000000,1790082837795000000,2.015165019880846,16.137636213,156,20774912,156,20774912,[],1790082821658000000,1790082837796000000,62,62,0,3,2026-09-22T13:13:41.812081+00:00,2026-09-22T13:13:41.814182+00:00,1,64,2026-09-22T13:13:57.691195+00:00,2026-09-22T13:13:57.693474+00:00,1,2026-09-22T13:13:41.569350793Z,1790082837832675114,0,complete,,,,,,,,,,,,,,,,,,,,,,,,,,,,,,,
round,stage-12-B,4,B,r01-throughput-snapshot-on,throughput,on,valid,True,[],[],[],31049.666625265603,2.39819,3.168588,16.805725,16.103232477,0,0,0,0,0,0,0,5000,0,103890,0,500000,500000,0,5000,0,103890,0,500000,500000,0,1.234156874257274,15.913698177,154,6160384,154,6160384,[],1790082838101000000,1790082854014000000,2.74353133026395,15.913796762,154,14913536,154,14913536,[],1790082838101000000,1790082854015000000,2.0340808996714004,15.913821326,154,20291584,154,20312064,[],1790082838102000000,1790082854015000000,61,57,14,3,2026-09-22T13:13:58.257225+00:00,2026-09-22T13:13:58.259470+00:00,1,63,2026-09-22T13:14:13.858254+00:00,2026-09-22T13:14:13.860935+00:00,15,2026-09-22T13:13:58.013637371Z,1790082854116869848,0,complete,,,,,,,,,,,,,,,,,,,,,,,,,,,,,,,
pair,,1,,,throughput,off,,True,,,,,,,,,,,,,,,,,,,,,,,,,,,,,,,,,,,,,,,,,,,,,,,,,,,,,,,,,,,,,,,,,,,,,,,,B/A,stage-02-B,stage-01-A,0.9968557819469613,0.986361122737491,0.981188587057755,0.9863325740318907,-73728,,,,,,,,,,,,,,,,,,,,,,,
pair,,2,,,throughput,off,,True,,,,,,,,,,,,,,,,,,,,,,,,,,,,,,,,,,,,,,,,,,,,,,,,,,,,,,,,,,,,,,,,,,,,,,,,B/A,stage-05-B,stage-06-A,1.0013661937881921,1.0047019044470575,0.9988841272038488,0.9863117870722433,-73728,,,,,,,,,,,,,,,,,,,,,,,
pair,,3,,,throughput,off,,True,,,,,,,,,,,,,,,,,,,,,,,,,,,,,,,,,,,,,,,,,,,,,,,,,,,,,,,,,,,,,,,,,,,,,,,,B/A,stage-07-B,stage-09-A,0.9804723747384513,1.0247990491097405,1.0310127328950525,0.9825493171471927,-94208,,,,,,,,,,,,,,,,,,,,,,,
pair,,4,,,throughput,off,,True,,,,,,,,,,,,,,,,,,,,,,,,,,,,,,,,,,,,,,,,,,,,,,,,,,,,,,,,,,,,,,,,,,,,,,,,B/A,stage-12-B,stage-10-A,0.9862969895575263,1.039748859289457,1.0545447622828312,0.9788039364118092,-114688,,,,,,,,,,,,,,,,,,,,,,,
pair,,1,,,throughput,on,,True,,,,,,,,,,,,,,,,,,,,,,,,,,,,,,,,,,,,,,,,,,,,,,,,,,,,,,,,,,,,,,,,,,,,,,,,B/A,stage-02-B,stage-01-A,0.9580763241858415,1.1387329943025613,1.2729826276834149,0.9881422924901185,-73728,,,,,,,,,,,,,,,,,,,,,,,
pair,,2,,,throughput,on,,True,,,,,,,,,,,,,,,,,,,,,,,,,,,,,,,,,,,,,,,,,,,,,,,,,,,,,,,,,,,,,,,,,,,,,,,,B/A,stage-05-B,stage-06-A,0.9999242081458609,0.9938115442888259,0.9675143822342531,0.9822950819672132,-110592,,,,,,,,,,,,,,,,,,,,,,,
pair,,3,,,throughput,on,,True,,,,,,,,,,,,,,,,,,,,,,,,,,,,,,,,,,,,,,,,,,,,,,,,,,,,,,,,,,,,,,,,,,,,,,,,B/A,stage-07-B,stage-09-A,1.0101841484019234,0.9844191232530669,0.9903755962899086,0.9894736842105263,-65536,,,,,,,,,,,,,,,,,,,,,,,
pair,,4,,,throughput,on,,True,,,,,,,,,,,,,,,,,,,,,,,,,,,,,,,,,,,,,,,,,,,,,,,,,,,,,,,,,,,,,,,,,,,,,,,,B/A,stage-12-B,stage-10-A,1.0356872468816933,0.921964466813831,0.879398744980059,0.9920844327176781,-49152,,,,,,,,,,,,,,,,,,,,,,,
pair,,1,,,reliable,off,,True,,,,,,,,,,,,,,,,,,,,,,,,,,,,,,,,,,,,,,,,,,,,,,,,,,,,,,,,,,,,,,,,,,,,,,,,B/A,stage-02-B,stage-01-A,1.0011050502696592,0.9948091933434208,1.0079134556636362,0.9797752808988764,-110592,,,,,,,,,,,,,,,,,,,,,,,
pair,,2,,,reliable,off,,True,,,,,,,,,,,,,,,,,,,,,,,,,,,,,,,,,,,,,,,,,,,,,,,,,,,,,,,,,,,,,,,,,,,,,,,,B/A,stage-05-B,stage-06-A,1.0013591808539717,0.9869516715498516,0.9712934113685969,0.9894736842105263,-57344,,,,,,,,,,,,,,,,,,,,,,,
pair,,3,,,reliable,off,,True,,,,,,,,,,,,,,,,,,,,,,,,,,,,,,,,,,,,,,,,,,,,,,,,,,,,,,,,,,,,,,,,,,,,,,,,B/A,stage-07-B,stage-09-A,1.001815475728283,0.9912735316714784,0.9602573954230118,0.9879969992498124,-65536,,,,,,,,,,,,,,,,,,,,,,,
pair,,4,,,reliable,off,,True,,,,,,,,,,,,,,,,,,,,,,,,,,,,,,,,,,,,,,,,,,,,,,,,,,,,,,,,,,,,,,,,,,,,,,,,B/A,stage-12-B,stage-10-A,1.0141443256055647,0.7766211105308438,0.9530241036302519,0.987987987987988,-65536,,,,,,,,,,,,,,,,,,,,,,,
pair,,1,,,reliable,on,,True,,,,,,,,,,,,,,,,,,,,,,,,,,,,,,,,,,,,,,,,,,,,,,,,,,,,,,,,,,,,,,,,,,,,,,,,B/A,stage-02-B,stage-01-A,1.0003568449265385,0.9899118014705235,1.0039916055067986,0.9869960988296489,-81920,,,,,,,,,,,,,,,,,,,,,,,
pair,,2,,,reliable,on,,True,,,,,,,,,,,,,,,,,,,,,,,,,,,,,,,,,,,,,,,,,,,,,,,,,,,,,,,,,,,,,,,,,,,,,,,,B/A,stage-05-B,stage-06-A,0.9998593285198389,0.9969991759229669,0.9961133110113309,0.986328125,-86016,,,,,,,,,,,,,,,,,,,,,,,
pair,,3,,,reliable,on,,True,,,,,,,,,,,,,,,,,,,,,,,,,,,,,,,,,,,,,,,,,,,,,,,,,,,,,,,,,,,,,,,,,,,,,,,,B/A,stage-07-B,stage-09-A,0.9986982789749509,1.025517097633505,1.0393458938330713,0.9850552306692657,-94208,,,,,,,,,,,,,,,,,,,,,,,
pair,,4,,,reliable,on,,True,,,,,,,,,,,,,,,,,,,,,,,,,,,,,,,,,,,,,,,,,,,,,,,,,,,,,,,,,,,,,,,,,,,,,,,,B/A,stage-12-B,stage-10-A,1.0152221914004493,0.8728976756979955,0.9526807715809501,0.9902024820378837,-61440,,,,,,,,,,,,,,,,,,,,,,,
pair,,1,,,throughput,off,,True,,,,,,,,,,,,,,,,,,,,,,,,,,,,,,,,,,,,,,,,,,,,,,,,,,,,,,,,,,,,,,,,,,,,,,,,C/B,stage-03-C,stage-02-B,1.0131392845582623,0.9835989226866627,0.9632796206814335,0.9984603541185527,-8192,,,,,,,,,,,,,,,,,,,,,,,
pair,,2,,,throughput,off,,True,,,,,,,,,,,,,,,,,,,,,,,,,,,,,,,,,,,,,,,,,,,,,,,,,,,,,,,,,,,,,,,,,,,,,,,,C/B,stage-04-C,stage-05-B,1.0037747330009406,0.979895506113109,0.978636781288455,1.0007710100231304,4096,,,,,,,,,,,,,,,,,,,,,,,
pair,,3,,,throughput,off,,True,,,,,,,,,,,,,,,,,,,,,,,,,,,,,,,,,,,,,,,,,,,,,,,,,,,,,,,,,,,,,,,,,,,,,,,,C/B,stage-08-C,stage-07-B,1.0086067874875577,0.9888978318646078,0.9750665863994945,0.9984555984555985,-8192,,,,,,,,,,,,,,,,,,,,,,,
pair,,4,,,throughput,off,,True,,,,,,,,,,,,,,,,,,,,,,,,,,,,,,,,,,,,,,,,,,,,,,,,,,,,,,,,,,,,,,,,,,,,,,,,C/B,stage-11-C,stage-12-B,0.9994408805466669,0.9903884676121144,0.9911542504581204,1.0015467904098994,8192,,,,,,,,,,,,,,,,,,,,,,,
pair,,1,,,throughput,on,,True,,,,,,,,,,,,,,,,,,,,,,,,,,,,,,,,,,,,,,,,,,,,,,,,,,,,,,,,,,,,,,,,,,,,,,,,C/B,stage-03-C,stage-02-B,1.0118188443805496,0.9466424204228322,0.8682373309364401,1.0013333333333334,8192,,,,,,,,,,,,,,,,,,,,,,,
pair,,2,,,throughput,on,,True,,,,,,,,,,,,,,,,,,,,,,,,,,,,,,,,,,,,,,,,,,,,,,,,,,,,,,,,,,,,,,,,,,,,,,,,C/B,stage-04-C,stage-05-B,1.0011973040042852,1.0269372170773794,1.099687798971703,1.000667556742323,4096,,,,,,,,,,,,,,,,,,,,,,,
pair,,3,,,throughput,on,,True,,,,,,,,,,,,,,,,,,,,,,,,,,,,,,,,,,,,,,,,,,,,,,,,,,,,,,,,,,,,,,,,,,,,,,,,C/B,stage-08-C,stage-07-B,0.9975127579364658,0.9882996373136864,0.9880427320134435,1.0019946808510638,12288,,,,,,,,,,,,,,,,,,,,,,,
pair,,4,,,throughput,on,,True,,,,,,,,,,,,,,,,,,,,,,,,,,,,,,,,,,,,,,,,,,,,,,,,,,,,,,,,,,,,,,,,,,,,,,,,C/B,stage-11-C,stage-12-B,0.9927956556662173,1.0141269040401302,1.0298186447717406,0.9966755319148937,-20480,,,,,,,,,,,,,,,,,,,,,,,
pair,,1,,,reliable,off,,True,,,,,,,,,,,,,,,,,,,,,,,,,,,,,,,,,,,,,,,,,,,,,,,,,,,,,,,,,,,,,,,,,,,,,,,,C/B,stage-03-C,stage-02-B,0.9974104238947026,1.0258868292791945,1.0334213024367456,1.0053516819571866,28672,,,,,,,,,,,,,,,,,,,,,,,
pair,,2,,,reliable,off,,True,,,,,,,,,,,,,,,,,,,,,,,,,,,,,,,,,,,,,,,,,,,,,,,,,,,,,,,,,,,,,,,,,,,,,,,,C/B,stage-04-C,stage-05-B,0.99847663485509,1.0063280324889061,1.0713064709054745,0.9954407294832827,-24576,,,,,,,,,,,,,,,,,,,,,,,
pair,,3,,,reliable,off,,True,,,,,,,,,,,,,,,,,,,,,,,,,,,,,,,,,,,,,,,,,,,,,,,,,,,,,,,,,,,,,,,,,,,,,,,,C/B,stage-08-C,stage-07-B,1.000549561726505,0.9926005827124215,0.9710987136679006,0.9977220956719818,-12288,,,,,,,,,,,,,,,,,,,,,,,
pair,,4,,,reliable,off,,True,,,,,,,,,,,,,,,,,,,,,,,,,,,,,,,,,,,,,,,,,,,,,,,,,,,,,,,,,,,,,,,,,,,,,,,,C/B,stage-11-C,stage-12-B,1.0016674563338916,0.9877781212592435,0.9711508641709757,0.993920972644377,-32768,,,,,,,,,,,,,,,,,,,,,,,
pair,,1,,,reliable,on,,True,,,,,,,,,,,,,,,,,,,,,,,,,,,,,,,,,,,,,,,,,,,,,,,,,,,,,,,,,,,,,,,,,,,,,,,,C/B,stage-03-C,stage-02-B,0.9989608052608863,1.0480897106396823,1.0100236012294006,1.0,0,,,,,,,,,,,,,,,,,,,,,,,
pair,,2,,,reliable,on,,True,,,,,,,,,,,,,,,,,,,,,,,,,,,,,,,,,,,,,,,,,,,,,,,,,,,,,,,,,,,,,,,,,,,,,,,,C/B,stage-04-C,stage-05-B,0.9992149381328124,1.0156331522695918,0.999766349172607,1.0,0,,,,,,,,,,,,,,,,,,,,,,,
pair,,3,,,reliable,on,,True,,,,,,,,,,,,,,,,,,,,,,,,,,,,,,,,,,,,,,,,,,,,,,,,,,,,,,,,,,,,,,,,,,,,,,,,C/B,stage-08-C,stage-07-B,1.0002451941103374,0.993549174395314,0.9768492695938149,1.0013192612137203,8192,,,,,,,,,,,,,,,,,,,,,,,
pair,,4,,,reliable,on,,True,,,,,,,,,,,,,,,,,,,,,,,,,,,,,,,,,,,,,,,,,,,,,,,,,,,,,,,,,,,,,,,,,,,,,,,,C/B,stage-11-C,stage-12-B,1.0000511043520328,0.9933371818066682,0.9540814625539806,0.9986807387862797,-8192,,,,,,,,,,,,,,,,,,,,,,,
comparison,,,,,throughput,off,,,,,,,,,,,,,,,,,,,,,,,,,,,,,,,,,,,,,,,,,,,,,,,,,,,,,,,,,,,,,,,,,,,,,,,,,,B/A,,,,,,,,4,not_triggered,[],"[0.9968557819469613, 1.0013661937881921, 0.9804723747384513, 0.9862969895575263]","[0.9968557819469613, 1.0013661937881921, 0.9804723747384513, 0.9862969895575263]",0,0.9915763857522438,0.9804723747384513,1.0013661937881921,"[0.986361122737491, 1.0047019044470575, 1.0247990491097405, 1.039748859289457]","[0.986361122737491, 1.0047019044470575, 1.0247990491097405, 1.039748859289457]",0,1.014750476778399,0.986361122737491,1.039748859289457,"[0.981188587057755, 0.9988841272038488, 1.0310127328950525, 1.0545447622828312]","[0.981188587057755, 0.9988841272038488, 1.0310127328950525, 1.0545447622828312]",1,1.0149484300494507,0.981188587057755,1.0545447622828312,not_triggered,0
comparison,,,,,throughput,on,,,,,,,,,,,,,,,,,,,,,,,,,,,,,,,,,,,,,,,,,,,,,,,,,,,,,,,,,,,,,,,,,,,,,,,,,,B/A,,,,,,,,4,not_triggered,[],"[0.9580763241858415, 0.9999242081458609, 1.0101841484019234, 1.0356872468816933]","[0.9580763241858415, 0.9999242081458609, 1.0101841484019234, 1.0356872468816933]",0,1.0050541782738922,0.9580763241858415,1.0356872468816933,"[1.1387329943025613, 0.9938115442888259, 0.9844191232530669, 0.921964466813831]","[1.1387329943025613, 0.9938115442888259, 0.9844191232530669, 0.921964466813831]",1,0.9891153337709464,0.921964466813831,1.1387329943025613,"[1.2729826276834149, 0.9675143822342531, 0.9903755962899086, 0.879398744980059]","[1.2729826276834149, 0.9675143822342531, 0.9903755962899086, 0.879398744980059]",1,0.9789449892620808,0.879398744980059,1.2729826276834149,not_triggered,0
comparison,,,,,reliable,off,,,,,,,,,,,,,,,,,,,,,,,,,,,,,,,,,,,,,,,,,,,,,,,,,,,,,,,,,,,,,,,,,,,,,,,,,,B/A,,,,,,,,4,not_triggered,[],"[1.0011050502696592, 1.0013591808539717, 1.001815475728283, 1.0141443256055647]","[1.0011050502696592, 1.0013591808539717, 1.001815475728283, 1.0141443256055647]",0,1.0015873282911274,1.0011050502696592,1.0141443256055647,"[0.9948091933434208, 0.9869516715498516, 0.9912735316714784, 0.7766211105308438]","[0.9948091933434208, 0.9869516715498516, 0.9912735316714784, 0.7766211105308438]",0,0.989112601610665,0.7766211105308438,0.9948091933434208,"[1.0079134556636362, 0.9712934113685969, 0.9602573954230118, 0.9530241036302519]","[1.0079134556636362, 0.9712934113685969, 0.9602573954230118, 0.9530241036302519]",0,0.9657754033958044,0.9530241036302519,1.0079134556636362,not_triggered,0
comparison,,,,,reliable,on,,,,,,,,,,,,,,,,,,,,,,,,,,,,,,,,,,,,,,,,,,,,,,,,,,,,,,,,,,,,,,,,,,,,,,,,,,B/A,,,,,,,,4,not_triggered,[],"[1.0003568449265385, 0.9998593285198389, 0.9986982789749509, 1.0152221914004493]","[1.0003568449265385, 0.9998593285198389, 0.9986982789749509, 1.0152221914004493]",0,1.0001080867231886,0.9986982789749509,1.0152221914004493,"[0.9899118014705235, 0.9969991759229669, 1.025517097633505, 0.8728976756979955]","[0.9899118014705235, 0.9969991759229669, 1.025517097633505, 0.8728976756979955]",0,0.9934554886967453,0.8728976756979955,1.025517097633505,"[1.0039916055067986, 0.9961133110113309, 1.0393458938330713, 0.9526807715809501]","[1.0039916055067986, 0.9961133110113309, 1.0393458938330713, 0.9526807715809501]",0,1.0000524582590646,0.9526807715809501,1.0393458938330713,not_triggered,0
comparison,,,,,throughput,off,,,,,,,,,,,,,,,,,,,,,,,,,,,,,,,,,,,,,,,,,,,,,,,,,,,,,,,,,,,,,,,,,,,,,,,,,,C/B,,,,,,,,4,not_triggered,[],"[1.0131392845582623, 1.0037747330009406, 1.0086067874875577, 0.9994408805466669]","[1.0131392845582623, 1.0037747330009406, 1.0086067874875577, 0.9994408805466669]",0,1.006190760244249,0.9994408805466669,1.0131392845582623,"[0.9835989226866627, 0.979895506113109, 0.9888978318646078, 0.9903884676121144]","[0.9835989226866627, 0.979895506113109, 0.9888978318646078, 0.9903884676121144]",0,0.9862483772756352,0.979895506113109,0.9903884676121144,"[0.9632796206814335, 0.978636781288455, 0.9750665863994945, 0.9911542504581204]","[0.9632796206814335, 0.978636781288455, 0.9750665863994945, 0.9911542504581204]",0,0.9768516838439747,0.9632796206814335,0.9911542504581204,not_triggered,0
comparison,,,,,throughput,on,,,,,,,,,,,,,,,,,,,,,,,,,,,,,,,,,,,,,,,,,,,,,,,,,,,,,,,,,,,,,,,,,,,,,,,,,,C/B,,,,,,,,4,not_triggered,[],"[1.0118188443805496, 1.0011973040042852, 0.9975127579364658, 0.9927956556662173]","[1.0118188443805496, 1.0011973040042852, 0.9975127579364658, 0.9927956556662173]",0,0.9993550309703755,0.9927956556662173,1.0118188443805496,"[0.9466424204228322, 1.0269372170773794, 0.9882996373136864, 1.0141269040401302]","[0.9466424204228322, 1.0269372170773794, 0.9882996373136864, 1.0141269040401302]",0,1.0012132706769084,0.9466424204228322,1.0269372170773794,"[0.8682373309364401, 1.099687798971703, 0.9880427320134435, 1.0298186447717406]","[0.8682373309364401, 1.099687798971703, 0.9880427320134435, 1.0298186447717406]",1,1.0089306883925921,0.8682373309364401,1.099687798971703,not_triggered,0
comparison,,,,,reliable,off,,,,,,,,,,,,,,,,,,,,,,,,,,,,,,,,,,,,,,,,,,,,,,,,,,,,,,,,,,,,,,,,,,,,,,,,,,C/B,,,,,,,,4,not_triggered,[],"[0.9974104238947026, 0.99847663485509, 1.000549561726505, 1.0016674563338916]","[0.9974104238947026, 0.99847663485509, 1.000549561726505, 1.0016674563338916]",0,0.9995130982907975,0.9974104238947026,1.0016674563338916,"[1.0258868292791945, 1.0063280324889061, 0.9926005827124215, 0.9877781212592435]","[1.0258868292791945, 1.0063280324889061, 0.9926005827124215, 0.9877781212592435]",0,0.9994643076006637,0.9877781212592435,1.0258868292791945,"[1.0334213024367456, 1.0713064709054745, 0.9710987136679006, 0.9711508641709757]","[1.0334213024367456, 1.0713064709054745, 0.9710987136679006, 0.9711508641709757]",1,1.0022860833038607,0.9710987136679006,1.0713064709054745,not_triggered,0
comparison,,,,,reliable,on,,,,,,,,,,,,,,,,,,,,,,,,,,,,,,,,,,,,,,,,,,,,,,,,,,,,,,,,,,,,,,,,,,,,,,,,,,C/B,,,,,,,,4,not_triggered,[],"[0.9989608052608863, 0.9992149381328124, 1.0002451941103374, 1.0000511043520328]","[0.9989608052608863, 0.9992149381328124, 1.0002451941103374, 1.0000511043520328]",0,0.9996330212424226,0.9989608052608863,1.0002451941103374,"[1.0480897106396823, 1.0156331522695918, 0.993549174395314, 0.9933371818066682]","[1.0480897106396823, 1.0156331522695918, 0.993549174395314, 0.9933371818066682]",0,1.004591163332453,0.9933371818066682,1.0480897106396823,"[1.0100236012294006, 0.999766349172607, 0.9768492695938149, 0.9540814625539806]","[1.0100236012294006, 0.999766349172607, 0.9768492695938149, 0.9540814625539806]",0,0.988307809383211,0.9540814625539806,1.0100236012294006,not_triggered,0
